Workbook

Sheet 주간 입력
B1: 미식가의 주방 — 주간 정산 입력
B2: 🟡 노란 칸에만 입력하세요 | 3주차=공과금 | 4주차=임대료+관리비 자동
B4: 📋 주간 정산 입력 #1
B5: 월 | D5: ← 1~12
B6: 주차 | D6: ← 1~5
B7: 시작일
B8: 종료일
B9: ■ 매출
B10: 카드매출 | D10: 원
B11: 현금매출 | D11: 원
B12: ■ 공과금 (3주차에 지난달분 입력)
B13: 전기요금 | D13: 원 (고지서 그대로)
B14: 가스요금
B15: 수도요금
B16: ■ 기타 (발생할 때만)
B17: 정화조 청소
B18: 회식 연계매출 | D18: 원 (재생전골 등)
B19: 기타비용
B20: 비고
B22: 📋 주간 정산 입력 #2
B23: 월 | D23: ← 1~12
B24: 주차 | D24: ← 1~5
B25: 시작일
B26: 종료일
B27: ■ 매출
B28: 카드매출 | D28: 원
B29: 현금매출 | D29: 원
B30: ■ 공과금 (3주차에 지난달분 입력)
B31: 전기요금 | D31: 원 (고지서 그대로)
B32: 가스요금
B33: 수도요금
B34: ■ 기타 (발생할 때만)
B35: 정화조 청소
B36: 회식 연계매출 | D36: 원 (재생전골 등)
B37: 기타비용
B38: 비고
B40: 📋 주간 정산 입력 #3
B41: 월 | D41: ← 1~12
B42: 주차 | D42: ← 1~5
B43: 시작일
B44: 종료일
B45: ■ 매출
B46: 카드매출 | D46: 원
B47: 현금매출 | D47: 원
B48: ■ 공과금 (3주차에 지난달분 입력)
B49: 전기요금 | D49: 원 (고지서 그대로)
B50: 가스요금
B51: 수도요금
B52: ■ 기타 (발생할 때만)
B53: 정화조 청소
B54: 회식 연계매출 | D54: 원 (재생전골 등)
B55: 기타비용
B56: 비고
B58: 📋 주간 정산 입력 #4
B59: 월 | D59: ← 1~12
B60: 주차 | D60: ← 1~5
B61: 시작일
B62: 종료일
B63: ■ 매출
B64: 카드매출 | D64: 원
B65: 현금매출 | D65: 원
B66: ■ 공과금 (3주차에 지난달분 입력)
B67: 전기요금 | D67: 원 (고지서 그대로)
B68: 가스요금
B69: 수도요금
B70: ■ 기타 (발생할 때만)
B71: 정화조 청소
B72: 회식 연계매출 | D72: 원 (재생전골 등)
B73: 기타비용
B74: 비고
B76: 📋 주간 정산 입력 #5
B77: 월 | D77: ← 1~12
B78: 주차 | D78: ← 1~5
B79: 시작일
B80: 종료일
B81: ■ 매출
B82: 카드매출 | D82: 원
B83: 현금매출 | D83: 원
B84: ■ 공과금 (3주차에 지난달분 입력)
B85: 전기요금 | D85: 원 (고지서 그대로)
B86: 가스요금
B87: 수도요금
B88: ■ 기타 (발생할 때만)
B89: 정화조 청소
B90: 회식 연계매출 | D90: 원 (재생전골 등)
B91: 기타비용
B92: 비고
B94: 📋 주간 정산 입력 #6
B95: 월 | D95: ← 1~12
B96: 주차 | D96: ← 1~5
B97: 시작일
B98: 종료일
B99: ■ 매출
B100: 카드매출 | D100: 원
B101: 현금매출 | D101: 원
B102: ■ 공과금 (3주차에 지난달분 입력)
B103: 전기요금 | D103: 원 (고지서 그대로)
B104: 가스요금
B105: 수도요금
B106: ■ 기타 (발생할 때만)
...

Sheet 대시보드
A1: 미식가의 주방 — 경영 대시보드 (2026년)
M2: 현재월 → | N2: 3
B3: 이번달 총매출 | E3: 이번달 수수료수익 | H3: 이번달 임대수익 | K3: 연간 누적매출
B4: =INDEX(D9:D20,N2) | E4: =INDEX(G9:G20,N2) | H4: =INDEX(H9:H20,N2)+INDEX(I9:I20,N2) | K4: =D21
A7: 📊 월별 정산 요약
A8: 월 | B8: 카드매출 | C8: 현금매출 | D8: 총매출 | E8: 카드수수료 | F8: 현금수수료 | G8: 수수료합계 | H8: 임대료 | I8: 관리비 | J8: 공과금 | K8: 총차감 | L8: 미식가지급 | M8: 현금수령
A9: 1월 | B9: ='정산 요약'!E9 | C9: ='정산 요약'!F9 | D9: ='정산 요약'!G9 | E9: ='정산 요약'!H9 | F9: ='정산 요약'!I9 | G9: ='정산 요약'!J9 | H9: ='정산 요약'!L9 | I9: ='정산 요약'!N9 | J9: ='정산 요약'!O9 | K9: ='정산 요약'!Q9 | L9: ='정산 요약'!R9 | M9: ='정산 요약'!S9
A10: 2월 | B10: ='정산 요약'!E15 | C10: ='정산 요약'!F15 | D10: ='정산 요약'!G15 | E10: ='정산 요약'!H15 | F10: ='정산 요약'!I15 | G10: ='정산 요약'!J15 | H10: ='정산 요약'!L15 | I10: ='정산 요약'!N15 | J10: ='정산 요약'!O15 | K10: ='정산 요약'!Q15 | L10: ='정산 요약'!R15 | M10: ='정산 요약'!S15
A11: 3월 | B11: ='정산 요약'!E21 | C11: ='정산 요약'!F21 | D11: ='정산 요약'!G21 | E11: ='정산 요약'!H21 | F11: ='정산 요약'!I21 | G11: ='정산 요약'!J21 | H11: ='정산 요약'!L21 | I11: ='정산 요약'!N21 | J11: ='정산 요약'!O21 | K11: ='정산 요약'!Q21 | L11: ='정산 요약'!R21 | M11: ='정산 요약'!S21
A12: 4월 | B12: ='정산 요약'!E27 | C12: ='정산 요약'!F27 | D12: ='정산 요약'!G27 | E12: ='정산 요약'!H27 | F12: ='정산 요약'!I27 | G12: ='정산 요약'!J27 | H12: ='정산 요약'!L27 | I12: ='정산 요약'!N27 | J12: ='정산 요약'!O27 | K12: ='정산 요약'!Q27 | L12: ='정산 요약'!R27 | M12: ='정산 요약'!S27
A13: 5월 | B13: ='정산 요약'!E33 | C13: ='정산 요약'!F33 | D13: ='정산 요약'!G33 | E13: ='정산 요약'!H33 | F13: ='정산 요약'!I33 | G13: ='정산 요약'!J33 | H13: ='정산 요약'!L33 | I13: ='정산 요약'!N33 | J13: ='정산 요약'!O33 | K13: ='정산 요약'!Q33 | L13: ='정산 요약'!R33 | M13: ='정산 요약'!S33
A14: 6월 | B14: ='정산 요약'!E39 | C14: ='정산 요약'!F39 | D14: ='정산 요약'!G39 | E14: ='정산 요약'!H39 | F14: ='정산 요약'!I39 | G14: ='정산 요약'!J39 | H14: ='정산 요약'!L39 | I14: ='정산 요약'!N39 | J14: ='정산 요약'!O39 | K14: ='정산 요약'!Q39 | L14: ='정산 요약'!R39 | M14: ='정산 요약'!S39
A15: 7월 | B15: ='정산 요약'!E45 | C15: ='정산 요약'!F45 | D15: ='정산 요약'!G45 | E15: ='정산 요약'!H45 | F15: ='정산 요약'!I45 | G15: ='정산 요약'!J45 | H15: ='정산 요약'!L45 | I15: ='정산 요약'!N45 | J15: ='정산 요약'!O45 | K15: ='정산 요약'!Q45 | L15: ='정산 요약'!R45 | M15: ='정산 요약'!S45
A16: 8월 | B16: ='정산 요약'!E51 | C16: ='정산 요약'!F51 | D16: ='정산 요약'!G51 | E16: ='정산 요약'!H51 | F16: ='정산 요약'!I51 | G16: ='정산 요약'!J51 | H16: ='정산 요약'!L51 | I16: ='정산 요약'!N51 | J16: ='정산 요약'!O51 | K16: ='정산 요약'!Q51 | L16: ='정산 요약'!R51 | M16: ='정산 요약'!S51
A17: 9월 | B17: ='정산 요약'!E57 | C17: ='정산 요약'!F57 | D17: ='정산 요약'!G57 | E17: ='정산 요약'!H57 | F17: ='정산 요약'!I57 | G17: ='정산 요약'!J57 | H17: ='정산 요약'!L57 | I17: ='정산 요약'!N57 | J17: ='정산 요약'!O57 | K17: ='정산 요약'!Q57 | L17: ='정산 요약'!R57 | M17: ='정산 요약'!S57
A18: 10월 | B18: ='정산 요약'!E63 | C18: ='정산 요약'!F63 | D18: ='정산 요약'!G63 | E18: ='정산 요약'!H63 | F18: ='정산 요약'!I63 | G18: ='정산 요약'!J63 | H18: ='정산 요약'!L63 | I18: ='정산 요약'!N63 | J18: ='정산 요약'!O63 | K18: ='정산 요약'!Q63 | L18: ='정산 요약'!R63 | M18: ='정산 요약'!S63
A19: 11월 | B19: ='정산 요약'!E69 | C19: ='정산 요약'!F69 | D19: ='정산 요약'!G69 | E19: ='정산 요약'!H69 | F19: ='정산 요약'!I69 | G19: ='정산 요약'!J69 | H19: ='정산 요약'!L69 | I19: ='정산 요약'!N69 | J19: ='정산 요약'!O69 | K19: ='정산 요약'!Q69 | L19: ='정산 요약'!R69 | M19: ='정산 요약'!S69
A20: 12월 | B20: ='정산 요약'!E75 | C20: ='정산 요약'!F75 | D20: ='정산 요약'!G75 | E20: ='정산 요약'!H75 | F20: ='정산 요약'!I75 | G20: ='정산 요약'!J75 | H20: ='정산 요약'!L75 | I20: ='정산 요약'!N75 | J20: ='정산 요약'!O75 | K20: ='정산 요약'!Q75 | L20: ='정산 요약'!R75 | M20: ='정산 요약'!S75
A21: 합계 | B21: =SUM(B9:B20) | C21: =SUM(C9:C20) | D21: =SUM(D9:D20) | E21: =SUM(E9:E20) | F21: =SUM(F9:F20) | G21: =SUM(G9:G20) | H21: =SUM(H9:H20) | I21: =SUM(I9:I20) | ... M21: =SUM(M9:M20)
A40: 수익 구성 데이터
A41: 카드수수료 | B41: =E21
A42: 현금수수료 | B42: =F21
A43: 임대료 | B43: =H21
A44: 관리비 | B44: =I21
A45: 공과금 | B45: =J21

Sheet 정산 요약
A1: 미식가의 주방 — 주간 정산 요약 (2026년)
A2: ⬜ 전체 자동 — 시트1 입력 → 여기서 정산 계산 | 3주차=공과금 / 4주차=임대료+관리비
A3: 월 | B3: 주 | C3: 시작일 | D3: 종료일 | E3: 카드매출 | F3: 현금매출 | G3: 총매출 | H3: 카드수수료 (15%) | I3: 현금수수료 (13%) | J3: 수수료합계 | K3: 수수료 VAT | L3: 임대료 | M3: 임대료 VAT | N3: 관리비+ 고정비 | O3: 공과금 (95%) | P3: 기타비용 | Q3: 총 차감액 | R3: 미식가 카드지급 | S3: 현금 수령액 | T3: 비고
A4: ='주간 입력'!C5 | B4: ='주간 입력'!C6 | C4: ='주간 입력'!C7 | D4: ='주간 입력'!C8 | E4: ='주간 입력'!C10 | F4: ='주간 입력'!C11 | G4: =IF(E4="","",E4+F4) | H4: =IF(E4="","",E4*0.15) | I4: =IF(E4="","",IF(F4="",0,F4*0.13)) | J4: =IF(E4="","",H4+I4) | K4: =IF(E4="","",J4*0.1) | L4: =IF('주간 입력'!C6=4,3000000,0) | M4: =IF(L4=0,0,L4*0.1) | N4: =IF('주간 입력'!C6=4,55000+15900+50000,0) | O4: =(IF('주간 입력'!C13="",0,'주간 입력'!C13)+IF('주간 입력'!C14="",0,'주간 입력'!C14)+IF('주간 입력'!C15="",0,'주간 입력'!C15))*0.95 | P4: =IF('주간 입력'!C17="",0,'주간 입력'!C17)+IF('주간 입력'!C18="",0,'주간 입력'!C18*0.05)+IF('주간 입력'!C19="",0,'주간 입력'!C19) | Q4: =IF(E4="","",J4+K4+L4+M4+N4+O4+P4) | R4: =IF(E4="","",E4-Q4) | S4: =IF(E4="","",F4-I4-I4*0.1) | T4: ='주간 입력'!C20
A5: ='주간 입력'!C23 | B5: ='주간 입력'!C24 | C5: ='주간 입력'!C25 | D5: ='주간 입력'!C26 | E5: ='주간 입력'!C28 | F5: ='주간 입력'!C29 | G5: =IF(E5="","",E5+F5) | H5: =IF(E5="","",E5*0.15) | I5: =IF(E5="","",IF(F5="",0,F5*0.13)) | J5: =IF(E5="","",H5+I5) | K5: =IF(E5="","",J5*0.1) | L5: =IF('주간 입력'!C24=4,3000000,0) | M5: =IF(L5=0,0,L5*0.1) | N5: =IF('주간 입력'!C24=4,55000+15900+50000,0) | O5: =(IF('주간 입력'!C31="",0,'주간 입력'!C31)+IF('주간 입력'!C32="",0,'주간 입력'!C32)+IF('주간 입력'!C33="",0,'주간 입력'!C33))*0.95 | P5: =IF('주간 입력'!C35="",0,'주간 입력'!C35)+IF('주간 입력'!C36="",0,'주간 입력'!C36*0.05)+IF('주간 입력'!C37="",0,'주간 입력'!C37) | Q5: =IF(E5="","",J5+K5+L5+M5+N5+O5+P5) | R5: =IF(E5="","",E5-Q5) | S5: =IF(E5="","",F5-I5-I5*0.1) | T5: ='주간 입력'!C38
A6: ='주간 입력'!C41 | B6: ='주간 입력'!C42 | C6: ='주간 입력'!C43 | D6: ='주간 입력'!C44 | E6: ='주간 입력'!C46 | F6: ='주간 입력'!C47 | G6: =IF(E6="","",E6+F6) | H6: =IF(E6="","",E6*0.15) | I6: =IF(E6="","",IF(F6="",0,F6*0.13)) | J6: =IF(E6="","",H6+I6) | K6: =IF(E6="","",J6*0.1) | L6: =IF('주간 입력'!C42=4,3000000,0) | M6: =IF(L6=0,0,L6*0.1) | N6: =IF('주간 입력'!C42=4,55000+15900+50000,0) | O6: =(IF('주간 입력'!C49="",0,'주간 입력'!C49)+IF('주간 입력'!C50="",0,'주간 입력'!C50)+IF('주간 입력'!C51="",0,'주간 입력'!C51))*0.95 | P6: =IF('주간 입력'!C53="",0,'주간 입력'!C53)+IF('주간 입력'!C54="",0,'주간 입력'!C54*0.05)+IF('주간 입력'!C55="",0,'주간 입력'!C55) | Q6: =IF(E6="","",J6+K6+L6+M6+N6+O6+P6) | R6: =IF(E6="","",E6-Q6) | S6: =IF(E6="","",F6-I6-I6*0.1) | T6: ='주간 입력'!C56
A7: ='주간 입력'!C59 | B7: ='주간 입력'!C60 | C7: ='주간 입력'!C61 | D7: ='주간 입력'!C62 | E7: ='주간 입력'!C64 | F7: ='주간 입력'!C65 | G7: =IF(E7="","",E7+F7) | H7: =IF(E7="","",E7*0.15) | I7: =IF(E7="","",IF(F7="",0,F7*0.13)) | J7: =IF(E7="","",H7+I7) | K7: =IF(E7="","",J7*0.1) | L7: =IF('주간 입력'!C60=4,3000000,0) | M7: =IF(L7=0,0,L7*0.1) | N7: =IF('주간 입력'!C60=4,55000+15900+50000,0) | O7: =(IF('주간 입력'!C67="",0,'주간 입력'!C67)+IF('주간 입력'!C68="",0,'주간 입력'!C68)+IF('주간 입력'!C69="",0,'주간 입력'!C69))*0.95 | P7: =IF('주간 입력'!C71="",0,'주간 입력'!C71)+IF('주간 입력'!C72="",0,'주간 입력'!C72*0.05)+IF('주간 입력'!C73="",0,'주간 입력'!C73) | Q7: =IF(E7="","",J7+K7+L7+M7+N7+O7+P7) | R7: =IF(E7="","",E7-Q7) | S7: =IF(E7="","",F7-I7-I7*0.1) | T7: ='주간 입력'!C74
A8: ='주간 입력'!C77 | B8: ='주간 입력'!C78 | C8: ='주간 입력'!C79 | D8: ='주간 입력'!C80 | E8: ='주간 입력'!C82 | F8: ='주간 입력'!C83 | G8: =IF(E8="","",E8+F8) | H8: =IF(E8="","",E8*0.15) | I8: =IF(E8="","",IF(F8="",0,F8*0.13)) | J8: =IF(E8="","",H8+I8) | K8: =IF(E8="","",J8*0.1) | L8: =IF('주간 입력'!C78=4,3000000,0) | M8: =IF(L8=0,0,L8*0.1) | N8: =IF('주간 입력'!C78=4,55000+15900+50000,0) | O8: =(IF('주간 입력'!C85="",0,'주간 입력'!C85)+IF('주간 입력'!C86="",0,'주간 입력'!C86)+IF('주간 입력'!C87="",0,'주간 입력'!C87))*0.95 | P8: =IF('주간 입력'!C89="",0,'주간 입력'!C89)+IF('주간 입력'!C90="",0,'주간 입력'!C90*0.05)+IF('주간 입력'!C91="",0,'주간 입력'!C91) | Q8: =IF(E8="","",J8+K8+L8+M8+N8+O8+P8) | R8: =IF(E8="","",E8-Q8) | S8: =IF(E8="","",F8-I8-I8*0.1) | T8: ='주간 입력'!C92
A9: 1월 | B9: 소계 | E9: =SUM(E4:E8) | F9: =SUM(F4:F8) | G9: =SUM(G4:G8) | H9: =SUM(H4:H8) | I9: =SUM(I4:I8) | J9: =SUM(J4:J8) | K9: =SUM(K4:K8) | L9: =SUM(L4:L8) | ... S9: =SUM(S4:S8)
A10: ='주간 입력'!C95 | B10: ='주간 입력'!C96 | C10: ='주간 입력'!C97 | D10: ='주간 입력'!C98 | E10: ='주간 입력'!C100 | F10: ='주간 입력'!C101 | G10: =IF(E10="","",E10+F10) | H10: =IF(E10="","",E10*0.15) | I10: =IF(E10="","",IF(F10="",0,F10*0.13)) | J10: =IF(E10="","",H10+I10) | K10: =IF(E10="","",J10*0.1) | L10: =IF('주간 입력'!C96=4,3000000,0) | M10: =IF(L10=0,0,L10*0.1) | N10: =IF('주간 입력'!C96=4,55000+15900+50000,0) | O10: =(IF('주간 입력'!C103="",0,'주간 입력'!C103)+IF('주간 입력'!C104="",0,'주간 입력'!C104)+IF('주간 입력'!C105="",0,'주간 입력'!C105))*0.95 | P10: =IF('주간 입력'!C107="",0,'주간 입력'!C107)+IF('주간 입력'!C108="",0,'주간 입력'!C108*0.05)+IF('주간 입력'!C109="",0,'주간 입력'!C109) | Q10: =IF(E10="","",J10+K10+L10+M10+N10+O10+P10) | R10: =IF(E10="","",E10-Q10) | S10: =IF(E10="","",F10-I10-I10*0.1) | T10: ='주간 입력'!C110
A11: ='주간 입력'!C113 | B11: ='주간 입력'!C114 | C11: ='주간 입력'!C115 | D11: ='주간 입력'!C116 | E11: ='주간 입력'!C118 | F11: ='주간 입력'!C119 | G11: =IF(E11="","",E11+F11) | H11: =IF(E11="","",E11*0.15) | I11: =IF(E11="","",IF(F11="",0,F11*0.13)) | J11: =IF(E11="","",H11+I11) | K11: =IF(E11="","",J11*0.1) | L11: =IF('주간 입력'!C114=4,3000000,0) | M11: =IF(L11=0,0,L11*0.1) | N11: =IF('주간 입력'!C114=4,55000+15900+50000,0) | O11: =(IF('주간 입력'!C121="",0,'주간 입력'!C121)+IF('주간 입력'!C122="",0,'주간 입력'!C122)+IF('주간 입력'!C123="",0,'주간 입력'!C123))*0.95 | P11: =IF('주간 입력'!C125="",0,'주간 입력'!C125)+IF('주간 입력'!C126="",0,'주간 입력'!C126*0.05)+IF('주간 입력'!C127="",0,'주간 입력'!C127) | Q11: =IF(E11="","",J11+K11+L11+M11+N11+O11+P11) | R11: =IF(E11="","",E11-Q11) | S11: =IF(E11="","",F11-I11-I11*0.1) | T11: ='주간 입력'!C128
A12: ='주간 입력'!C131 | B12: ='주간 입력'!C132 | C12: ='주간 입력'!C133 | D12: ='주간 입력'!C134 | E12: ='주간 입력'!C136 | F12: ='주간 입력'!C137 | G12: =IF(E12="","",E12+F12) | H12: =IF(E12="","",E12*0.15) | I12: =IF(E12="","",IF(F12="",0,F12*0.13)) | J12: =IF(E12="","",H12+I12) | K12: =IF(E12="","",J12*0.1) | L12: =IF('주간 입력'!C132=4,3000000,0) | M12: =IF(L12=0,0,L12*0.1) | N12: =IF('주간 입력'!C132=4,55000+15900+50000,0) | O12: =(IF('주간 입력'!C139="",0,'주간 입력'!C139)+IF('주간 입력'!C140="",0,'주간 입력'!C140)+IF('주간 입력'!C141="",0,'주간 입력'!C141))*0.95 | P12: =IF('주간 입력'!C143="",0,'주간 입력'!C143)+IF('주간 입력'!C144="",0,'주간 입력'!C144*0.05)+IF('주간 입력'!C145="",0,'주간 입력'!C145) | Q12: =IF(E12="","",J12+K12+L12+M12+N12+O12+P12) | R12: =IF(E12="","",E12-Q12) | S12: =IF(E12="","",F12-I12-I12*0.1) | T12: ='주간 입력'!C146
A13: ='주간 입력'!C149 | B13: ='주간 입력'!C150 | C13: ='주간 입력'!C151 | D13: ='주간 입력'!C152 | E13: ='주간 입력'!C154 | F13: ='주간 입력'!C155 | G13: =IF(E13="","",E13+F13) | H13: =IF(E13="","",E13*0.15) | I13: =IF(E13="","",IF(F13="",0,F13*0.13)) | J13: =IF(E13="","",H13+I13) | K13: =IF(E13="","",J13*0.1) | L13: =IF('주간 입력'!C150=4,3000000,0) | M13: =IF(L13=0,0,L13*0.1) | N13: =IF('주간 입력'!C150=4,55000+15900+50000,0) | O13: =(IF('주간 입력'!C157="",0,'주간 입력'!C157)+IF('주간 입력'!C158="",0,'주간 입력'!C158)+IF('주간 입력'!C159="",0,'주간 입력'!C159))*0.95 | P13: =IF('주간 입력'!C161="",0,'주간 입력'!C161)+IF('주간 입력'!C162="",0,'주간 입력'!C162*0.05)+IF('주간 입력'!C163="",0,'주간 입력'!C163) | Q13: =IF(E13="","",J13+K13+L13+M13+N13+O13+P13) | R13: =IF(E13="","",E13-Q13) | S13: =IF(E13="","",F13-I13-I13*0.1) | T13: ='주간 입력'!C164
A14: ='주간 입력'!C167 | B14: ='주간 입력'!C168 | C14: ='주간 입력'!C169 | D14: ='주간 입력'!C170 | E14: ='주간 입력'!C172 | F14: ='주간 입력'!C173 | G14: =IF(E14="","",E14+F14) | H14: =IF(E14="","",E14*0.15) | I14: =IF(E14="","",IF(F14="",0,F14*0.13)) | J14: =IF(E14="","",H14+I14) | K14: =IF(E14="","",J14*0.1) | L14: =IF('주간 입력'!C168=4,3000000,0) | M14: =IF(L14=0,0,L14*0.1) | N14: =IF('주간 입력'!C168=4,55000+15900+50000,0) | O14: =(IF('주간 입력'!C175="",0,'주간 입력'!C175)+IF('주간 입력'!C176="",0,'주간 입력'!C176)+IF('주간 입력'!C177="",0,'주간 입력'!C177))*0.95 | P14: =IF('주간 입력'!C179="",0,'주간 입력'!C179)+IF('주간 입력'!C180="",0,'주간 입력'!C180*0.05)+IF('주간 입력'!C181="",0,'주간 입력'!C181) | Q14: =IF(E14="","",J14+K14+L14+M14+N14+O14+P14) | R14: =IF(E14="","",E14-Q14) | S14: =IF(E14="","",F14-I14-I14*0.1) | T14: ='주간 입력'!C182
A15: 2월 | B15: 소계 | E15: =SUM(E10:E14) | F15: =SUM(F10:F14) | G15: =SUM(G10:G14) | H15: =SUM(H10:H14) | I15: =SUM(I10:I14) | J15: =SUM(J10:J14) | K15: =SUM(K10:K14) | L15: =SUM(L10:L14) | ... S15: =SUM(S10:S14)
A16: ='주간 입력'!C185 | B16: ='주간 입력'!C186 | C16: ='주간 입력'!C187 | D16: ='주간 입력'!C188 | E16: ='주간 입력'!C190 | F16: ='주간 입력'!C191 | G16: =IF(E16="","",E16+F16) | H16: =IF(E16="","",E16*0.15) | I16: =IF(E16="","",IF(F16="",0,F16*0.13)) | J16: =IF(E16="","",H16+I16) | K16: =IF(E16="","",J16*0.1) | L16: =IF('주간 입력'!C186=4,3000000,0) | M16: =IF(L16=0,0,L16*0.1) | N16: =IF('주간 입력'!C186=4,55000+15900+50000,0) | O16: =(IF('주간 입력'!C193="",0,'주간 입력'!C193)+IF('주간 입력'!C194="",0,'주간 입력'!C194)+IF('주간 입력'!C195="",0,'주간 입력'!C195))*0.95 | P16: =IF('주간 입력'!C197="",0,'주간 입력'!C197)+IF('주간 입력'!C198="",0,'주간 입력'!C198*0.05)+IF('주간 입력'!C199="",0,'주간 입력'!C199) | Q16: =IF(E16="","",J16+K16+L16+M16+N16+O16+P16) | R16: =IF(E16="","",E16-Q16) | S16: =IF(E16="","",F16-I16-I16*0.1) | T16: ='주간 입력'!C200
A17: ='주간 입력'!C203 | B17: ='주간 입력'!C204 | C17: ='주간 입력'!C205 | D17: ='주간 입력'!C206 | E17: ='주간 입력'!C208 | F17: ='주간 입력'!C209 | G17: =IF(E17="","",E17+F17) | H17: =IF(E17="","",E17*0.15) | I17: =IF(E17="","",IF(F17="",0,F17*0.13)) | J17: =IF(E17="","",H17+I17) | K17: =IF(E17="","",J17*0.1) | L17: =IF('주간 입력'!C204=4,3000000,0) | M17: =IF(L17=0,0,L17*0.1) | N17: =IF('주간 입력'!C204=4,55000+15900+50000,0) | O17: =(IF('주간 입력'!C211="",0,'주간 입력'!C211)+IF('주간 입력'!C212="",0,'주간 입력'!C212)+IF('주간 입력'!C213="",0,'주간 입력'!C213))*0.95 | P17: =IF('주간 입력'!C215="",0,'주간 입력'!C215)+IF('주간 입력'!C216="",0,'주간 입력'!C216*0.05)+IF('주간 입력'!C217="",0,'주간 입력'!C217) | Q17: =IF(E17="","",J17+K17+L17+M17+N17+O17+P17) | R17: =IF(E17="","",E17-Q17) | S17: =IF(E17="","",F17-I17-I17*0.1) | T17: ='주간 입력'!C218
A18: ='주간 입력'!C221 | B18: ='주간 입력'!C222 | C18: ='주간 입력'!C223 | D18: ='주간 입력'!C224 | E18: ='주간 입력'!C226 | F18: ='주간 입력'!C227 | G18: =IF(E18="","",E18+F18) | H18: =IF(E18="","",E18*0.15) | I18: =IF(E18="","",IF(F18="",0,F18*0.13)) | J18: =IF(E18="","",H18+I18) | K18: =IF(E18="","",J18*0.1) | L18: =IF('주간 입력'!C222=4,3000000,0) | M18: =IF(L18=0,0,L18*0.1) | N18: =IF('주간 입력'!C222=4,55000+15900+50000,0) | O18: =(IF('주간 입력'!C229="",0,'주간 입력'!C229)+IF('주간 입력'!C230="",0,'주간 입력'!C230)+IF('주간 입력'!C231="",0,'주간 입력'!C231))*0.95 | P18: =IF('주간 입력'!C233="",0,'주간 입력'!C233)+IF('주간 입력'!C234="",0,'주간 입력'!C234*0.05)+IF('주간 입력'!C235="",0,'주간 입력'!C235) | Q18: =IF(E18="","",J18+K18+L18+M18+N18+O18+P18) | R18: =IF(E18="","",E18-Q18) | S18: =IF(E18="","",F18-I18-I18*0.1) | T18: ='주간 입력'!C236
A19: ='주간 입력'!C239 | B19: ='주간 입력'!C240 | C19: ='주간 입력'!C241 | D19: ='주간 입력'!C242 | E19: ='주간 입력'!C244 | F19: ='주간 입력'!C245 | G19: =IF(E19="","",E19+F19) | H19: =IF(E19="","",E19*0.15) | I19: =IF(E19="","",IF(F19="",0,F19*0.13)) | J19: =IF(E19="","",H19+I19) | K19: =IF(E19="","",J19*0.1) | L19: =IF('주간 입력'!C240=4,3000000,0) | M19: =IF(L19=0,0,L19*0.1) | N19: =IF('주간 입력'!C240=4,55000+15900+50000,0) | O19: =(IF('주간 입력'!C247="",0,'주간 입력'!C247)+IF('주간 입력'!C248="",0,'주간 입력'!C248)+IF('주간 입력'!C249="",0,'주간 입력'!C249))*0.95 | P19: =IF('주간 입력'!C251="",0,'주간 입력'!C251)+IF('주간 입력'!C252="",0,'주간 입력'!C252*0.05)+IF('주간 입력'!C253="",0,'주간 입력'!C253) | Q19: =IF(E19="","",J19+K19+L19+M19+N19+O19+P19) | R19: =IF(E19="","",E19-Q19) | S19: =IF(E19="","",F19-I19-I19*0.1) | T19: ='주간 입력'!C254
A20: ='주간 입력'!C257 | B20: ='주간 입력'!C258 | C20: ='주간 입력'!C259 | D20: ='주간 입력'!C260 | E20: ='주간 입력'!C262 | F20: ='주간 입력'!C263 | G20: =IF(E20="","",E20+F20) | H20: =IF(E20="","",E20*0.15) | I20: =IF(E20="","",IF(F20="",0,F20*0.13)) | J20: =IF(E20="","",H20+I20) | K20: =IF(E20="","",J20*0.1) | L20: =IF('주간 입력'!C258=4,3000000,0) | M20: =IF(L20=0,0,L20*0.1) | N20: =IF('주간 입력'!C258=4,55000+15900+50000,0) | O20: =(IF('주간 입력'!C265="",0,'주간 입력'!C265)+IF('주간 입력'!C266="",0,'주간 입력'!C266)+IF('주간 입력'!C267="",0,'주간 입력'!C267))*0.95 | P20: =IF('주간 입력'!C269="",0,'주간 입력'!C269)+IF('주간 입력'!C270="",0,'주간 입력'!C270*0.05)+IF('주간 입력'!C271="",0,'주간 입력'!C271) | Q20: =IF(E20="","",J20+K20+L20+M20+N20+O20+P20) | R20: =IF(E20="","",E20-Q20) | S20: =IF(E20="","",F20-I20-I20*0.1) | T20: ='주간 입력'!C272
A21: 3월 | B21: 소계 | E21: =SUM(E16:E20) | F21: =SUM(F16:F20) | G21: =SUM(G16:G20) | H21: =SUM(H16:H20) | I21: =SUM(I16:I20) | J21: =SUM(J16:J20) | K21: =SUM(K16:K20) | L21: =SUM(L16:L20) | ... S21: =SUM(S16:S20)
A22: ='주간 입력'!C275 | B22: ='주간 입력'!C276 | C22: ='주간 입력'!C277 | D22: ='주간 입력'!C278 | E22: ='주간 입력'!C280 | F22: ='주간 입력'!C281 | G22: =IF(E22="","",E22+F22) | H22: =IF(E22="","",E22*0.15) | I22: =IF(E22="","",IF(F22="",0,F22*0.13)) | J22: =IF(E22="","",H22+I22) | K22: =IF(E22="","",J22*0.1) | L22: =IF('주간 입력'!C276=4,3000000,0) | M22: =IF(L22=0,0,L22*0.1) | N22: =IF('주간 입력'!C276=4,55000+15900+50000,0) | O22: =(IF('주간 입력'!C283="",0,'주간 입력'!C283)+IF('주간 입력'!C284="",0,'주간 입력'!C284)+IF('주간 입력'!C285="",0,'주간 입력'!C285))*0.95 | P22: =IF('주간 입력'!C287="",0,'주간 입력'!C287)+IF('주간 입력'!C288="",0,'주간 입력'!C288*0.05)+IF('주간 입력'!C289="",0,'주간 입력'!C289) | Q22: =IF(E22="","",J22+K22+L22+M22+N22+O22+P22) | R22: =IF(E22="","",E22-Q22) | S22: =IF(E22="","",F22-I22-I22*0.1) | T22: ='주간 입력'!C290
A23: ='주간 입력'!C293 | B23: ='주간 입력'!C294 | C23: ='주간 입력'!C295 | D23: ='주간 입력'!C296 | E23: ='주간 입력'!C298 | F23: ='주간 입력'!C299 | G23: =IF(E23="","",E23+F23) | H23: =IF(E23="","",E23*0.15) | I23: =IF(E23="","",IF(F23="",0,F23*0.13)) | J23: =IF(E23="","",H23+I23) | K23: =IF(E23="","",J23*0.1) | L23: =IF('주간 입력'!C294=4,3000000,0) | M23: =IF(L23=0,0,L23*0.1) | N23: =IF('주간 입력'!C294=4,55000+15900+50000,0) | O23: =(IF('주간 입력'!C301="",0,'주간 입력'!C301)+IF('주간 입력'!C302="",0,'주간 입력'!C302)+IF('주간 입력'!C303="",0,'주간 입력'!C303))*0.95 | P23: =IF('주간 입력'!C305="",0,'주간 입력'!C305)+IF('주간 입력'!C306="",0,'주간 입력'!C306*0.05)+IF('주간 입력'!C307="",0,'주간 입력'!C307) | Q23: =IF(E23="","",J23+K23+L23+M23+N23+O23+P23) | R23: =IF(E23="","",E23-Q23) | S23: =IF(E23="","",F23-I23-I23*0.1) | T23: ='주간 입력'!C308
A24: ='주간 입력'!C311 | B24: ='주간 입력'!C312 | C24: ='주간 입력'!C313 | D24: ='주간 입력'!C314 | E24: ='주간 입력'!C316 | F24: ='주간 입력'!C317 | G24: =IF(E24="","",E24+F24) | H24: =IF(E24="","",E24*0.15) | I24: =IF(E24="","",IF(F24="",0,F24*0.13)) | J24: =IF(E24="","",H24+I24) | K24: =IF(E24="","",J24*0.1) | L24: =IF('주간 입력'!C312=4,3000000,0) | M24: =IF(L24=0,0,L24*0.1) | N24: =IF('주간 입력'!C312=4,55000+15900+50000,0) | O24: =(IF('주간 입력'!C319="",0,'주간 입력'!C319)+IF('주간 입력'!C320="",0,'주간 입력'!C320)+IF('주간 입력'!C321="",0,'주간 입력'!C321))*0.95 | P24: =IF('주간 입력'!C323="",0,'주간 입력'!C323)+IF('주간 입력'!C324="",0,'주간 입력'!C324*0.05)+IF('주간 입력'!C325="",0,'주간 입력'!C325) | Q24: =IF(E24="","",J24+K24+L24+M24+N24+O24+P24) | R24: =IF(E24="","",E24-Q24) | S24: =IF(E24="","",F24-I24-I24*0.1) | T24: ='주간 입력'!C326
A25: ='주간 입력'!C329 | B25: ='주간 입력'!C330 | C25: ='주간 입력'!C331 | D25: ='주간 입력'!C332 | E25: ='주간 입력'!C334 | F25: ='주간 입력'!C335 | G25: =IF(E25="","",E25+F25) | H25: =IF(E25="","",E25*0.15) | I25: =IF(E25="","",IF(F25="",0,F25*0.13)) | J25: =IF(E25="","",H25+I25) | K25: =IF(E25="","",J25*0.1) | L25: =IF('주간 입력'!C330=4,3000000,0) | M25: =IF(L25=0,0,L25*0.1) | N25: =IF('주간 입력'!C330=4,55000+15900+50000,0) | O25: =(IF('주간 입력'!C337="",0,'주간 입력'!C337)+IF('주간 입력'!C338="",0,'주간 입력'!C338)+IF('주간 입력'!C339="",0,'주간 입력'!C339))*0.95 | P25: =IF('주간 입력'!C341="",0,'주간 입력'!C341)+IF('주간 입력'!C342="",0,'주간 입력'!C342*0.05)+IF('주간 입력'!C343="",0,'주간 입력'!C343) | Q25: =IF(E25="","",J25+K25+L25+M25+N25+O25+P25) | R25: =IF(E25="","",E25-Q25) | S25: =IF(E25="","",F25-I25-I25*0.1) | T25: ='주간 입력'!C344
A26: ='주간 입력'!C347 | B26: ='주간 입력'!C348 | C26: ='주간 입력'!C349 | D26: ='주간 입력'!C350 | E26: ='주간 입력'!C352 | F26: ='주간 입력'!C353 | G26: =IF(E26="","",E26+F26) | H26: =IF(E26="","",E26*0.15) | I26: =IF(E26="","",IF(F26="",0,F26*0.13)) | J26: =IF(E26="","",H26+I26) | K26: =IF(E26="","",J26*0.1) | L26: =IF('주간 입력'!C348=4,3000000,0) | M26: =IF(L26=0,0,L26*0.1) | N26: =IF('주간 입력'!C348=4,55000+15900+50000,0) | O26: =(IF('주간 입력'!C355="",0,'주간 입력'!C355)+IF('주간 입력'!C356="",0,'주간 입력'!C356)+IF('주간 입력'!C357="",0,'주간 입력'!C357))*0.95 | P26: =IF('주간 입력'!C359="",0,'주간 입력'!C359)+IF('주간 입력'!C360="",0,'주간 입력'!C360*0.05)+IF('주간 입력'!C361="",0,'주간 입력'!C361) | Q26: =IF(E26="","",J26+K26+L26+M26+N26+O26+P26) | R26: =IF(E26="","",E26-Q26) | S26: =IF(E26="","",F26-I26-I26*0.1) | T26: ='주간 입력'!C362
A27: 4월 | B27: 소계 | E27: =SUM(E22:E26) | F27: =SUM(F22:F26) | G27: =SUM(G22:G26) | H27: =SUM(H22:H26) | I27: =SUM(I22:I26) | J27: =SUM(J22:J26) | K27: =SUM(K22:K26) | L27: =SUM(L22:L26) | ... S27: =SUM(S22:S26)
A28: ='주간 입력'!C365 | B28: ='주간 입력'!C366 | C28: ='주간 입력'!C367 | D28: ='주간 입력'!C368 | E28: ='주간 입력'!C370 | F28: ='주간 입력'!C371 | G28: =IF(E28="","",E28+F28) | H28: =IF(E28="","",E28*0.15) | I28: =IF(E28="","",IF(F28="",0,F28*0.13)) | J28: =IF(E28="","",H28+I28) | K28: =IF(E28="","",J28*0.1) | L28: =IF('주간 입력'!C366=4,3000000,0) | M28: =IF(L28=0,0,L28*0.1) | N28: =IF('주간 입력'!C366=4,55000+15900+50000,0) | O28: =(IF('주간 입력'!C373="",0,'주간 입력'!C373)+IF('주간 입력'!C374="",0,'주간 입력'!C374)+IF('주간 입력'!C375="",0,'주간 입력'!C375))*0.95 | P28: =IF('주간 입력'!C377="",0,'주간 입력'!C377)+IF('주간 입력'!C378="",0,'주간 입력'!C378*0.05)+IF('주간 입력'!C379="",0,'주간 입력'!C379) | Q28: =IF(E28="","",J28+K28+L28+M28+N28+O28+P28) | R28: =IF(E28="","",E28-Q28) | S28: =IF(E28="","",F28-I28-I28*0.1) | T28: ='주간 입력'!C380
A29: ='주간 입력'!C383 | B29: ='주간 입력'!C384 | C29: ='주간 입력'!C385 | D29: ='주간 입력'!C386 | E29: ='주간 입력'!C388 | F29: ='주간 입력'!C389 | G29: =IF(E29="","",E29+F29) | H29: =IF(E29="","",E29*0.15) | I29: =IF(E29="","",IF(F29="",0,F29*0.13)) | J29: =IF(E29="","",H29+I29) | K29: =IF(E29="","",J29*0.1) | L29: =IF('주간 입력'!C384=4,3000000,0) | M29: =IF(L29=0,0,L29*0.1) | N29: =IF('주간 입력'!C384=4,55000+15900+50000,0) | O29: =(IF('주간 입력'!C391="",0,'주간 입력'!C391)+IF('주간 입력'!C392="",0,'주간 입력'!C392)+IF('주간 입력'!C393="",0,'주간 입력'!C393))*0.95 | P29: =IF('주간 입력'!C395="",0,'주간 입력'!C395)+IF('주간 입력'!C396="",0,'주간 입력'!C396*0.05)+IF('주간 입력'!C397="",0,'주간 입력'!C397) | Q29: =IF(E29="","",J29+K29+L29+M29+N29+O29+P29) | R29: =IF(E29="","",E29-Q29) | S29: =IF(E29="","",F29-I29-I29*0.1) | T29: ='주간 입력'!C398
A30: ='주간 입력'!C401 | B30: ='주간 입력'!C402 | C30: ='주간 입력'!C403 | D30: ='주간 입력'!C404 | E30: ='주간 입력'!C406 | F30: ='주간 입력'!C407 | G30: =IF(E30="","",E30+F30) | H30: =IF(E30="","",E30*0.15) | I30: =IF(E30="","",IF(F30="",0,F30*0.13)) | J30: =IF(E30="","",H30+I30) | K30: =IF(E30="","",J30*0.1) | L30: =IF('주간 입력'!C402=4,3000000,0) | M30: =IF(L30=0,0,L30*0.1) | N30: =IF('주간 입력'!C402=4,55000+15900+50000,0) | O30: =(IF('주간 입력'!C409="",0,'주간 입력'!C409)+IF('주간 입력'!C410="",0,'주간 입력'!C410)+IF('주간 입력'!C411="",0,'주간 입력'!C411))*0.95 | P30: =IF('주간 입력'!C413="",0,'주간 입력'!C413)+IF('주간 입력'!C414="",0,'주간 입력'!C414*0.05)+IF('주간 입력'!C415="",0,'주간 입력'!C415) | Q30: =IF(E30="","",J30+K30+L30+M30+N30+O30+P30) | R30: =IF(E30="","",E30-Q30) | S30: =IF(E30="","",F30-I30-I30*0.1) | T30: ='주간 입력'!C416
A31: ='주간 입력'!C419 | B31: ='주간 입력'!C420 | C31: ='주간 입력'!C421 | D31: ='주간 입력'!C422 | E31: ='주간 입력'!C424 | F31: ='주간 입력'!C425 | G31: =IF(E31="","",E31+F31) | H31: =IF(E31="","",E31*0.15) | I31: =IF(E31="","",IF(F31="",0,F31*0.13)) | J31: =IF(E31="","",H31+I31) | K31: =IF(E31="","",J31*0.1) | L31: =IF('주간 입력'!C420=4,3000000,0) | M31: =IF(L31=0,0,L31*0.1) | N31: =IF('주간 입력'!C420=4,55000+15900+50000,0) | O31: =(IF('주간 입력'!C427="",0,'주간 입력'!C427)+IF('주간 입력'!C428="",0,'주간 입력'!C428)+IF('주간 입력'!C429="",0,'주간 입력'!C429))*0.95 | P31: =IF('주간 입력'!C431="",0,'주간 입력'!C431)+IF('주간 입력'!C432="",0,'주간 입력'!C432*0.05)+IF('주간 입력'!C433="",0,'주간 입력'!C433) | Q31: =IF(E31="","",J31+K31+L31+M31+N31+O31+P31) | R31: =IF(E31="","",E31-Q31) | S31: =IF(E31="","",F31-I31-I31*0.1) | T31: ='주간 입력'!C434
A32: ='주간 입력'!C437 | B32: ='주간 입력'!C438 | C32: ='주간 입력'!C439 | D32: ='주간 입력'!C440 | E32: ='주간 입력'!C442 | F32: ='주간 입력'!C443 | G32: =IF(E32="","",E32+F32) | H32: =IF(E32="","",E32*0.15) | I32: =IF(E32="","",IF(F32="",0,F32*0.13)) | J32: =IF(E32="","",H32+I32) | K32: =IF(E32="","",J32*0.1) | L32: =IF('주간 입력'!C438=4,3000000,0) | M32: =IF(L32=0,0,L32*0.1) | N32: =IF('주간 입력'!C438=4,55000+15900+50000,0) | O32: =(IF('주간 입력'!C445="",0,'주간 입력'!C445)+IF('주간 입력'!C446="",0,'주간 입력'!C446)+IF('주간 입력'!C447="",0,'주간 입력'!C447))*0.95 | P32: =IF('주간 입력'!C449="",0,'주간 입력'!C449)+IF('주간 입력'!C450="",0,'주간 입력'!C450*0.05)+IF('주간 입력'!C451="",0,'주간 입력'!C451) | Q32: =IF(E32="","",J32+K32+L32+M32+N32+O32+P32) | R32: =IF(E32="","",E32-Q32) | S32: =IF(E32="","",F32-I32-I32*0.1) | T32: ='주간 입력'!C452
A33: 5월 | B33: 소계 | E33: =SUM(E28:E32) | F33: =SUM(F28:F32) | G33: =SUM(G28:G32) | H33: =SUM(H28:H32) | I33: =SUM(I28:I32) | J33: =SUM(J28:J32) | K33: =SUM(K28:K32) | L33: =SUM(L28:L32) | ... S33: =SUM(S28:S32)
A34: ='주간 입력'!C455 | B34: ='주간 입력'!C456 | C34: ='주간 입력'!C457 | D34: ='주간 입력'!C458 | E34: ='주간 입력'!C460 | F34: ='주간 입력'!C461 | G34: =IF(E34="","",E34+F34) | H34: =IF(E34="","",E34*0.15) | I34: =IF(E34="","",IF(F34="",0,F34*0.13)) | J34: =IF(E34="","",H34+I34) | K34: =IF(E34="","",J34*0.1) | L34: =IF('주간 입력'!C456=4,3000000,0) | M34: =IF(L34=0,0,L34*0.1) | N34: =IF('주간 입력'!C456=4,55000+15900+50000,0) | O34: =(IF('주간 입력'!C463="",0,'주간 입력'!C463)+IF('주간 입력'!C464="",0,'주간 입력'!C464)+IF('주간 입력'!C465="",0,'주간 입력'!C465))*0.95 | P34: =IF('주간 입력'!C467="",0,'주간 입력'!C467)+IF('주간 입력'!C468="",0,'주간 입력'!C468*0.05)+IF('주간 입력'!C469="",0,'주간 입력'!C469) | Q34: =IF(E34="","",J34+K34+L34+M34+N34+O34+P34) | R34: =IF(E34="","",E34-Q34) | S34: =IF(E34="","",F34-I34-I34*0.1) | T34: ='주간 입력'!C470
A35: ='주간 입력'!C473 | B35: ='주간 입력'!C474 | C35: ='주간 입력'!C475 | D35: ='주간 입력'!C476 | E35: ='주간 입력'!C478 | F35: ='주간 입력'!C479 | G35: =IF(E35="","",E35+F35) | H35: =IF(E35="","",E35*0.15) | I35: =IF(E35="","",IF(F35="",0,F35*0.13)) | J35: =IF(E35="","",H35+I35) | K35: =IF(E35="","",J35*0.1) | L35: =IF('주간 입력'!C474=4,3000000,0) | M35: =IF(L35=0,0,L35*0.1) | N35: =IF('주간 입력'!C474=4,55000+15900+50000,0) | O35: =(IF('주간 입력'!C481="",0,'주간 입력'!C481)+IF('주간 입력'!C482="",0,'주간 입력'!C482)+IF('주간 입력'!C483="",0,'주간 입력'!C483))*0.95 | P35: =IF('주간 입력'!C485="",0,'주간 입력'!C485)+IF('주간 입력'!C486="",0,'주간 입력'!C486*0.05)+IF('주간 입력'!C487="",0,'주간 입력'!C487) | Q35: =IF(E35="","",J35+K35+L35+M35+N35+O35+P35) | R35: =IF(E35="","",E35-Q35) | S35: =IF(E35="","",F35-I35-I35*0.1) | T35: ='주간 입력'!C488
A36: ='주간 입력'!C491 | B36: ='주간 입력'!C492 | C36: ='주간 입력'!C493 | D36: ='주간 입력'!C494 | E36: ='주간 입력'!C496 | F36: ='주간 입력'!C497 | G36: =IF(E36="","",E36+F36) | H36: =IF(E36="","",E36*0.15) | I36: =IF(E36="","",IF(F36="",0,F36*0.13)) | J36: =IF(E36="","",H36+I36) | K36: =IF(E36="","",J36*0.1) | L36: =IF('주간 입력'!C492=4,3000000,0) | M36: =IF(L36=0,0,L36*0.1) | N36: =IF('주간 입력'!C492=4,55000+15900+50000,0) | O36: =(IF('주간 입력'!C499="",0,'주간 입력'!C499)+IF('주간 입력'!C500="",0,'주간 입력'!C500)+IF('주간 입력'!C501="",0,'주간 입력'!C501))*0.95 | P36: =IF('주간 입력'!C503="",0,'주간 입력'!C503)+IF('주간 입력'!C504="",0,'주간 입력'!C504*0.05)+IF('주간 입력'!C505="",0,'주간 입력'!C505) | Q36: =IF(E36="","",J36+K36+L36+M36+N36+O36+P36) | R36: =IF(E36="","",E36-Q36) | S36: =IF(E36="","",F36-I36-I36*0.1) | T36: ='주간 입력'!C506
A37: ='주간 입력'!C509 | B37: ='주간 입력'!C510 | C37: ='주간 입력'!C511 | D37: ='주간 입력'!C512 | E37: ='주간 입력'!C514 | F37: ='주간 입력'!C515 | G37: =IF(E37="","",E37+F37) | H37: =IF(E37="","",E37*0.15) | I37: =IF(E37="","",IF(F37="",0,F37*0.13)) | J37: =IF(E37="","",H37+I37) | K37: =IF(E37="","",J37*0.1) | L37: =IF('주간 입력'!C510=4,3000000,0) | M37: =IF(L37=0,0,L37*0.1) | N37: =IF('주간 입력'!C510=4,55000+15900+50000,0) | O37: =(IF('주간 입력'!C517="",0,'주간 입력'!C517)+IF('주간 입력'!C518="",0,'주간 입력'!C518)+IF('주간 입력'!C519="",0,'주간 입력'!C519))*0.95 | P37: =IF('주간 입력'!C521="",0,'주간 입력'!C521)+IF('주간 입력'!C522="",0,'주간 입력'!C522*0.05)+IF('주간 입력'!C523="",0,'주간 입력'!C523) | Q37: =IF(E37="","",J37+K37+L37+M37+N37+O37+P37) | R37: =IF(E37="","",E37-Q37) | S37: =IF(E37="","",F37-I37-I37*0.1) | T37: ='주간 입력'!C524
A38: ='주간 입력'!C527 | B38: ='주간 입력'!C528 | C38: ='주간 입력'!C529 | D38: ='주간 입력'!C530 | E38: ='주간 입력'!C532 | F38: ='주간 입력'!C533 | G38: =IF(E38="","",E38+F38) | H38: =IF(E38="","",E38*0.15) | I38: =IF(E38="","",IF(F38="",0,F38*0.13)) | J38: =IF(E38="","",H38+I38) | K38: =IF(E38="","",J38*0.1) | L38: =IF('주간 입력'!C528=4,3000000,0) | M38: =IF(L38=0,0,L38*0.1) | N38: =IF('주간 입력'!C528=4,55000+15900+50000,0) | O38: =(IF('주간 입력'!C535="",0,'주간 입력'!C535)+IF('주간 입력'!C536="",0,'주간 입력'!C536)+IF('주간 입력'!C537="",0,'주간 입력'!C537))*0.95 | P38: =IF('주간 입력'!C539="",0,'주간 입력'!C539)+IF('주간 입력'!C540="",0,'주간 입력'!C540*0.05)+IF('주간 입력'!C541="",0,'주간 입력'!C541) | Q38: =IF(E38="","",J38+K38+L38+M38+N38+O38+P38) | R38: =IF(E38="","",E38-Q38) | S38: =IF(E38="","",F38-I38-I38*0.1) | T38: ='주간 입력'!C542
A39: 6월 | B39: 소계 | E39: =SUM(E34:E38) | F39: =SUM(F34:F38) | G39: =SUM(G34:G38) | H39: =SUM(H34:H38) | I39: =SUM(I34:I38) | J39: =SUM(J34:J38) | K39: =SUM(K34:K38) | L39: =SUM(L34:L38) | ... S39: =SUM(S34:S38)
A40: ='주간 입력'!C545 | B40: ='주간 입력'!C546 | C40: ='주간 입력'!C547 | D40: ='주간 입력'!C548 | E40: ='주간 입력'!C550 | F40: ='주간 입력'!C551 | G40: =IF(E40="","",E40+F40) | H40: =IF(E40="","",E40*0.15) | I40: =IF(E40="","",IF(F40="",0,F40*0.13)) | J40: =IF(E40="","",H40+I40) | K40: =IF(E40="","",J40*0.1) | L40: =IF('주간 입력'!C546=4,3000000,0) | M40: =IF(L40=0,0,L40*0.1) | N40: =IF('주간 입력'!C546=4,55000+15900+50000,0) | O40: =(IF('주간 입력'!C553="",0,'주간 입력'!C553)+IF('주간 입력'!C554="",0,'주간 입력'!C554)+IF('주간 입력'!C555="",0,'주간 입력'!C555))*0.95 | P40: =IF('주간 입력'!C557="",0,'주간 입력'!C557)+IF('주간 입력'!C558="",0,'주간 입력'!C558*0.05)+IF('주간 입력'!C559="",0,'주간 입력'!C559) | Q40: =IF(E40="","",J40+K40+L40+M40+N40+O40+P40) | R40: =IF(E40="","",E40-Q40) | S40: =IF(E40="","",F40-I40-I40*0.1) | T40: ='주간 입력'!C560
A41: ='주간 입력'!C563 | B41: ='주간 입력'!C564 | C41: ='주간 입력'!C565 | D41: ='주간 입력'!C566 | E41: ='주간 입력'!C568 | F41: ='주간 입력'!C569 | G41: =IF(E41="","",E41+F41) | H41: =IF(E41="","",E41*0.15) | I41: =IF(E41="","",IF(F41="",0,F41*0.13)) | J41: =IF(E41="","",H41+I41) | K41: =IF(E41="","",J41*0.1) | L41: =IF('주간 입력'!C564=4,3000000,0) | M41: =IF(L41=0,0,L41*0.1) | N41: =IF('주간 입력'!C564=4,55000+15900+50000,0) | O41: =(IF('주간 입력'!C571="",0,'주간 입력'!C571)+IF('주간 입력'!C572="",0,'주간 입력'!C572)+IF('주간 입력'!C573="",0,'주간 입력'!C573))*0.95 | P41: =IF('주간 입력'!C575="",0,'주간 입력'!C575)+IF('주간 입력'!C576="",0,'주간 입력'!C576*0.05)+IF('주간 입력'!C577="",0,'주간 입력'!C577) | Q41: =IF(E41="","",J41+K41+L41+M41+N41+O41+P41) | R41: =IF(E41="","",E41-Q41) | S41: =IF(E41="","",F41-I41-I41*0.1) | T41: ='주간 입력'!C578
A42: ='주간 입력'!C581 | B42: ='주간 입력'!C582 | C42: ='주간 입력'!C583 | D42: ='주간 입력'!C584 | E42: ='주간 입력'!C586 | F42: ='주간 입력'!C587 | G42: =IF(E42="","",E42+F42) | H42: =IF(E42="","",E42*0.15) | I42: =IF(E42="","",IF(F42="",0,F42*0.13)) | J42: =IF(E42="","",H42+I42) | K42: =IF(E42="","",J42*0.1) | L42: =IF('주간 입력'!C582=4,3000000,0) | M42: =IF(L42=0,0,L42*0.1) | N42: =IF('주간 입력'!C582=4,55000+15900+50000,0) | O42: =(IF('주간 입력'!C589="",0,'주간 입력'!C589)+IF('주간 입력'!C590="",0,'주간 입력'!C590)+IF('주간 입력'!C591="",0,'주간 입력'!C591))*0.95 | P42: =IF('주간 입력'!C593="",0,'주간 입력'!C593)+IF('주간 입력'!C594="",0,'주간 입력'!C594*0.05)+IF('주간 입력'!C595="",0,'주간 입력'!C595) | Q42: =IF(E42="","",J42+K42+L42+M42+N42+O42+P42) | R42: =IF(E42="","",E42-Q42) | S42: =IF(E42="","",F42-I42-I42*0.1) | T42: ='주간 입력'!C596
A43: ='주간 입력'!C599 | B43: ='주간 입력'!C600 | C43: ='주간 입력'!C601 | D43: ='주간 입력'!C602 | E43: ='주간 입력'!C604 | F43: ='주간 입력'!C605 | G43: =IF(E43="","",E43+F43) | H43: =IF(E43="","",E43*0.15) | I43: =IF(E43="","",IF(F43="",0,F43*0.13)) | J43: =IF(E43="","",H43+I43) | K43: =IF(E43="","",J43*0.1) | L43: =IF('주간 입력'!C600=4,3000000,0) | M43: =IF(L43=0,0,L43*0.1) | N43: =IF('주간 입력'!C600=4,55000+15900+50000,0) | O43: =(IF('주간 입력'!C607="",0,'주간 입력'!C607)+IF('주간 입력'!C608="",0,'주간 입력'!C608)+IF('주간 입력'!C609="",0,'주간 입력'!C609))*0.95 | P43: =IF('주간 입력'!C611="",0,'주간 입력'!C611)+IF('주간 입력'!C612="",0,'주간 입력'!C612*0.05)+IF('주간 입력'!C613="",0,'주간 입력'!C613) | Q43: =IF(E43="","",J43+K43+L43+M43+N43+O43+P43) | R43: =IF(E43="","",E43-Q43) | S43: =IF(E43="","",F43-I43-I43*0.1) | T43: ='주간 입력'!C614
A44: ='주간 입력'!C617 | B44: ='주간 입력'!C618 | C44: ='주간 입력'!C619 | D44: ='주간 입력'!C620 | E44: ='주간 입력'!C622 | F44: ='주간 입력'!C623 | G44: =IF(E44="","",E44+F44) | H44: =IF(E44="","",E44*0.15) | I44: =IF(E44="","",IF(F44="",0,F44*0.13)) | J44: =IF(E44="","",H44+I44) | K44: =IF(E44="","",J44*0.1) | L44: =IF('주간 입력'!C618=4,3000000,0) | M44: =IF(L44=0,0,L44*0.1) | N44: =IF('주간 입력'!C618=4,55000+15900+50000,0) | O44: =(IF('주간 입력'!C625="",0,'주간 입력'!C625)+IF('주간 입력'!C626="",0,'주간 입력'!C626)+IF('주간 입력'!C627="",0,'주간 입력'!C627))*0.95 | P44: =IF('주간 입력'!C629="",0,'주간 입력'!C629)+IF('주간 입력'!C630="",0,'주간 입력'!C630*0.05)+IF('주간 입력'!C631="",0,'주간 입력'!C631) | Q44: =IF(E44="","",J44+K44+L44+M44+N44+O44+P44) | R44: =IF(E44="","",E44-Q44) | S44: =IF(E44="","",F44-I44-I44*0.1) | T44: ='주간 입력'!C632
A45: 7월 | B45: 소계 | E45: =SUM(E40:E44) | F45: =SUM(F40:F44) | G45: =SUM(G40:G44) | H45: =SUM(H40:H44) | I45: =SUM(I40:I44) | J45: =SUM(J40:J44) | K45: =SUM(K40:K44) | L45: =SUM(L40:L44) | ... S45: =SUM(S40:S44)
A46: ='주간 입력'!C635 | B46: ='주간 입력'!C636 | C46: ='주간 입력'!C637 | D46: ='주간 입력'!C638 | E46: ='주간 입력'!C640 | F46: ='주간 입력'!C641 | G46: =IF(E46="","",E46+F46) | H46: =IF(E46="","",E46*0.15) | I46: =IF(E46="","",IF(F46="",0,F46*0.13)) | J46: =IF(E46="","",H46+I46) | K46: =IF(E46="","",J46*0.1) | L46: =IF('주간 입력'!C636=4,3000000,0) | M46: =IF(L46=0,0,L46*0.1) | N46: =IF('주간 입력'!C636=4,55000+15900+50000,0) | O46: =(IF('주간 입력'!C643="",0,'주간 입력'!C643)+IF('주간 입력'!C644="",0,'주간 입력'!C644)+IF('주간 입력'!C645="",0,'주간 입력'!C645))*0.95 | P46: =IF('주간 입력'!C647="",0,'주간 입력'!C647)+IF('주간 입력'!C648="",0,'주간 입력'!C648*0.05)+IF('주간 입력'!C649="",0,'주간 입력'!C649) | Q46: =IF(E46="","",J46+K46+L46+M46+N46+O46+P46) | R46: =IF(E46="","",E46-Q46) | S46: =IF(E46="","",F46-I46-I46*0.1) | T46: ='주간 입력'!C650
A47: ='주간 입력'!C653 | B47: ='주간 입력'!C654 | C47: ='주간 입력'!C655 | D47: ='주간 입력'!C656 | E47: ='주간 입력'!C658 | F47: ='주간 입력'!C659 | G47: =IF(E47="","",E47+F47) | H47: =IF(E47="","",E47*0.15) | I47: =IF(E47="","",IF(F47="",0,F47*0.13)) | J47: =IF(E47="","",H47+I47) | K47: =IF(E47="","",J47*0.1) | L47: =IF('주간 입력'!C654=4,3000000,0) | M47: =IF(L47=0,0,L47*0.1) | N47: =IF('주간 입력'!C654=4,55000+15900+50000,0) | O47: =(IF('주간 입력'!C661="",0,'주간 입력'!C661)+IF('주간 입력'!C662="",0,'주간 입력'!C662)+IF('주간 입력'!C663="",0,'주간 입력'!C663))*0.95 | P47: =IF('주간 입력'!C665="",0,'주간 입력'!C665)+IF('주간 입력'!C666="",0,'주간 입력'!C666*0.05)+IF('주간 입력'!C667="",0,'주간 입력'!C667) | Q47: =IF(E47="","",J47+K47+L47+M47+N47+O47+P47) | R47: =IF(E47="","",E47-Q47) | S47: =IF(E47="","",F47-I47-I47*0.1) | T47: ='주간 입력'!C668
A48: ='주간 입력'!C671 | B48: ='주간 입력'!C672 | C48: ='주간 입력'!C673 | D48: ='주간 입력'!C674 | E48: ='주간 입력'!C676 | F48: ='주간 입력'!C677 | G48: =IF(E48="","",E48+F48) | H48: =IF(E48="","",E48*0.15) | I48: =IF(E48="","",IF(F48="",0,F48*0.13)) | J48: =IF(E48="","",H48+I48) | K48: =IF(E48="","",J48*0.1) | L48: =IF('주간 입력'!C672=4,3000000,0) | M48: =IF(L48=0,0,L48*0.1) | N48: =IF('주간 입력'!C672=4,55000+15900+50000,0) | O48: =(IF('주간 입력'!C679="",0,'주간 입력'!C679)+IF('주간 입력'!C680="",0,'주간 입력'!C680)+IF('주간 입력'!C681="",0,'주간 입력'!C681))*0.95 | P48: =IF('주간 입력'!C683="",0,'주간 입력'!C683)+IF('주간 입력'!C684="",0,'주간 입력'!C684*0.05)+IF('주간 입력'!C685="",0,'주간 입력'!C685) | Q48: =IF(E48="","",J48+K48+L48+M48+N48+O48+P48) | R48: =IF(E48="","",E48-Q48) | S48: =IF(E48="","",F48-I48-I48*0.1) | T48: ='주간 입력'!C686
A49: ='주간 입력'!C689 | B49: ='주간 입력'!C690 | C49: ='주간 입력'!C691 | D49: ='주간 입력'!C692 | E49: ='주간 입력'!C694 | F49: ='주간 입력'!C695 | G49: =IF(E49="","",E49+F49) | H49: =IF(E49="","",E49*0.15) | I49: =IF(E49="","",IF(F49="",0,F49*0.13)) | J49: =IF(E49="","",H49+I49) | K49: =IF(E49="","",J49*0.1) | L49: =IF('주간 입력'!C690=4,3000000,0) | M49: =IF(L49=0,0,L49*0.1) | N49: =IF('주간 입력'!C690=4,55000+15900+50000,0) | O49: =(IF('주간 입력'!C697="",0,'주간 입력'!C697)+IF('주간 입력'!C698="",0,'주간 입력'!C698)+IF('주간 입력'!C699="",0,'주간 입력'!C699))*0.95 | P49: =IF('주간 입력'!C701="",0,'주간 입력'!C701)+IF('주간 입력'!C702="",0,'주간 입력'!C702*0.05)+IF('주간 입력'!C703="",0,'주간 입력'!C703) | Q49: =IF(E49="","",J49+K49+L49+M49+N49+O49+P49) | R49: =IF(E49="","",E49-Q49) | S49: =IF(E49="","",F49-I49-I49*0.1) | T49: ='주간 입력'!C704
A50: ='주간 입력'!C707 | B50: ='주간 입력'!C708 | C50: ='주간 입력'!C709 | D50: ='주간 입력'!C710 | E50: ='주간 입력'!C712 | F50: ='주간 입력'!C713 | G50: =IF(E50="","",E50+F50) | H50: =IF(E50="","",E50*0.15) | I50: =IF(E50="","",IF(F50="",0,F50*0.13)) | J50: =IF(E50="","",H50+I50) | K50: =IF(E50="","",J50*0.1) | L50: =IF('주간 입력'!C708=4,3000000,0) | M50: =IF(L50=0,0,L50*0.1) | N50: =IF('주간 입력'!C708=4,55000+15900+50000,0) | O50: =(IF('주간 입력'!C715="",0,'주간 입력'!C715)+IF('주간 입력'!C716="",0,'주간 입력'!C716)+IF('주간 입력'!C717="",0,'주간 입력'!C717))*0.95 | P50: =IF('주간 입력'!C719="",0,'주간 입력'!C719)+IF('주간 입력'!C720="",0,'주간 입력'!C720*0.05)+IF('주간 입력'!C721="",0,'주간 입력'!C721) | Q50: =IF(E50="","",J50+K50+L50+M50+N50+O50+P50) | R50: =IF(E50="","",E50-Q50) | S50: =IF(E50="","",F50-I50-I50*0.1) | T50: ='주간 입력'!C722
A51: 8월 | B51: 소계 | E51: =SUM(E46:E50) | F51: =SUM(F46:F50) | G51: =SUM(G46:G50) | H51: =SUM(H46:H50) | I51: =SUM(I46:I50) | J51: =SUM(J46:J50) | K51: =SUM(K46:K50) | L51: =SUM(L46:L50) | ... S51: =SUM(S46:S50)
A52: ='주간 입력'!C725 | B52: ='주간 입력'!C726 | C52: ='주간 입력'!C727 | D52: ='주간 입력'!C728 | E52: ='주간 입력'!C730 | F52: ='주간 입력'!C731 | G52: =IF(E52="","",E52+F52) | H52: =IF(E52="","",E52*0.15) | I52: =IF(E52="","",IF(F52="",0,F52*0.13)) | J52: =IF(E52="","",H52+I52) | K52: =IF(E52="","",J52*0.1) | L52: =IF('주간 입력'!C726=4,3000000,0) | M52: =IF(L52=0,0,L52*0.1) | N52: =IF('주간 입력'!C726=4,55000+15900+50000,0) | O52: =(IF('주간 입력'!C733="",0,'주간 입력'!C733)+IF('주간 입력'!C734="",0,'주간 입력'!C734)+IF('주간 입력'!C735="",0,'주간 입력'!C735))*0.95 | P52: =IF('주간 입력'!C737="",0,'주간 입력'!C737)+IF('주간 입력'!C738="",0,'주간 입력'!C738*0.05)+IF('주간 입력'!C739="",0,'주간 입력'!C739) | Q52: =IF(E52="","",J52+K52+L52+M52+N52+O52+P52) | R52: =IF(E52="","",E52-Q52) | S52: =IF(E52="","",F52-I52-I52*0.1) | T52: ='주간 입력'!C740
A53: ='주간 입력'!C743 | B53: ='주간 입력'!C744 | C53: ='주간 입력'!C745 | D53: ='주간 입력'!C746 | E53: ='주간 입력'!C748 | F53: ='주간 입력'!C749 | G53: =IF(E53="","",E53+F53) | H53: =IF(E53="","",E53*0.15) | I53: =IF(E53="","",IF(F53="",0,F53*0.13)) | J53: =IF(E53="","",H53+I53) | K53: =IF(E53="","",J53*0.1) | L53: =IF('주간 입력'!C744=4,3000000,0) | M53: =IF(L53=0,0,L53*0.1) | N53: =IF('주간 입력'!C744=4,55000+15900+50000,0) | O53: =(IF('주간 입력'!C751="",0,'주간 입력'!C751)+IF('주간 입력'!C752="",0,'주간 입력'!C752)+IF('주간 입력'!C753="",0,'주간 입력'!C753))*0.95 | P53: =IF('주간 입력'!C755="",0,'주간 입력'!C755)+IF('주간 입력'!C756="",0,'주간 입력'!C756*0.05)+IF('주간 입력'!C757="",0,'주간 입력'!C757) | Q53: =IF(E53="","",J53+K53+L53+M53+N53+O53+P53) | R53: =IF(E53="","",E53-Q53) | S53: =IF(E53="","",F53-I53-I53*0.1) | T53: ='주간 입력'!C758
A54: ='주간 입력'!C761 | B54: ='주간 입력'!C762 | C54: ='주간 입력'!C763 | D54: ='주간 입력'!C764 | E54: ='주간 입력'!C766 | F54: ='주간 입력'!C767 | G54: =IF(E54="","",E54+F54) | H54: =IF(E54="","",E54*0.15) | I54: =IF(E54="","",IF(F54="",0,F54*0.13)) | J54: =IF(E54="","",H54+I54) | K54: =IF(E54="","",J54*0.1) | L54: =IF('주간 입력'!C762=4,3000000,0) | M54: =IF(L54=0,0,L54*0.1) | N54: =IF('주간 입력'!C762=4,55000+15900+50000,0) | O54: =(IF('주간 입력'!C769="",0,'주간 입력'!C769)+IF('주간 입력'!C770="",0,'주간 입력'!C770)+IF('주간 입력'!C771="",0,'주간 입력'!C771))*0.95 | P54: =IF('주간 입력'!C773="",0,'주간 입력'!C773)+IF('주간 입력'!C774="",0,'주간 입력'!C774*0.05)+IF('주간 입력'!C775="",0,'주간 입력'!C775) | Q54: =IF(E54="","",J54+K54+L54+M54+N54+O54+P54) | R54: =IF(E54="","",E54-Q54) | S54: =IF(E54="","",F54-I54-I54*0.1) | T54: ='주간 입력'!C776
A55: ='주간 입력'!C779 | B55: ='주간 입력'!C780 | C55: ='주간 입력'!C781 | D55: ='주간 입력'!C782 | E55: ='주간 입력'!C784 | F55: ='주간 입력'!C785 | G55: =IF(E55="","",E55+F55) | H55: =IF(E55="","",E55*0.15) | I55: =IF(E55="","",IF(F55="",0,F55*0.13)) | J55: =IF(E55="","",H55+I55) | K55: =IF(E55="","",J55*0.1) | L55: =IF('주간 입력'!C780=4,3000000,0) | M55: =IF(L55=0,0,L55*0.1) | N55: =IF('주간 입력'!C780=4,55000+15900+50000,0) | O55: =(IF('주간 입력'!C787="",0,'주간 입력'!C787)+IF('주간 입력'!C788="",0,'주간 입력'!C788)+IF('주간 입력'!C789="",0,'주간 입력'!C789))*0.95 | P55: =IF('주간 입력'!C791="",0,'주간 입력'!C791)+IF('주간 입력'!C792="",0,'주간 입력'!C792*0.05)+IF('주간 입력'!C793="",0,'주간 입력'!C793) | Q55: =IF(E55="","",J55+K55+L55+M55+N55+O55+P55) | R55: =IF(E55="","",E55-Q55) | S55: =IF(E55="","",F55-I55-I55*0.1) | T55: ='주간 입력'!C794
A56: ='주간 입력'!C797 | B56: ='주간 입력'!C798 | C56: ='주간 입력'!C799 | D56: ='주간 입력'!C800 | E56: ='주간 입력'!C802 | F56: ='주간 입력'!C803 | G56: =IF(E56="","",E56+F56) | H56: =IF(E56="","",E56*0.15) | I56: =IF(E56="","",IF(F56="",0,F56*0.13)) | J56: =IF(E56="","",H56+I56) | K56: =IF(E56="","",J56*0.1) | L56: =IF('주간 입력'!C798=4,3000000,0) | M56: =IF(L56=0,0,L56*0.1) | N56: =IF('주간 입력'!C798=4,55000+15900+50000,0) | O56: =(IF('주간 입력'!C805="",0,'주간 입력'!C805)+IF('주간 입력'!C806="",0,'주간 입력'!C806)+IF('주간 입력'!C807="",0,'주간 입력'!C807))*0.95 | P56: =IF('주간 입력'!C809="",0,'주간 입력'!C809)+IF('주간 입력'!C810="",0,'주간 입력'!C810*0.05)+IF('주간 입력'!C811="",0,'주간 입력'!C811) | Q56: =IF(E56="","",J56+K56+L56+M56+N56+O56+P56) | R56: =IF(E56="","",E56-Q56) | S56: =IF(E56="","",F56-I56-I56*0.1) | T56: ='주간 입력'!C812
A57: 9월 | B57: 소계 | E57: =SUM(E52:E56) | F57: =SUM(F52:F56) | G57: =SUM(G52:G56) | H57: =SUM(H52:H56) | I57: =SUM(I52:I56) | J57: =SUM(J52:J56) | K57: =SUM(K52:K56) | L57: =SUM(L52:L56) | ... S57: =SUM(S52:S56)
A58: ='주간 입력'!C815 | B58: ='주간 입력'!C816 | C58: ='주간 입력'!C817 | D58: ='주간 입력'!C818 | E58: ='주간 입력'!C820 | F58: ='주간 입력'!C821 | G58: =IF(E58="","",E58+F58) | H58: =IF(E58="","",E58*0.15) | I58: =IF(E58="","",IF(F58="",0,F58*0.13)) | J58: =IF(E58="","",H58+I58) | K58: =IF(E58="","",J58*0.1) | L58: =IF('주간 입력'!C816=4,3000000,0) | M58: =IF(L58=0,0,L58*0.1) | N58: =IF('주간 입력'!C816=4,55000+15900+50000,0) | O58: =(IF('주간 입력'!C823="",0,'주간 입력'!C823)+IF('주간 입력'!C824="",0,'주간 입력'!C824)+IF('주간 입력'!C825="",0,'주간 입력'!C825))*0.95 | P58: =IF('주간 입력'!C827="",0,'주간 입력'!C827)+IF('주간 입력'!C828="",0,'주간 입력'!C828*0.05)+IF('주간 입력'!C829="",0,'주간 입력'!C829) | Q58: =IF(E58="","",J58+K58+L58+M58+N58+O58+P58) | R58: =IF(E58="","",E58-Q58) | S58: =IF(E58="","",F58-I58-I58*0.1) | T58: ='주간 입력'!C830
A59: ='주간 입력'!C833 | B59: ='주간 입력'!C834 | C59: ='주간 입력'!C835 | D59: ='주간 입력'!C836 | E59: ='주간 입력'!C838 | F59: ='주간 입력'!C839 | G59: =IF(E59="","",E59+F59) | H59: =IF(E59="","",E59*0.15) | I59: =IF(E59="","",IF(F59="",0,F59*0.13)) | J59: =IF(E59="","",H59+I59) | K59: =IF(E59="","",J59*0.1) | L59: =IF('주간 입력'!C834=4,3000000,0) | M59: =IF(L59=0,0,L59*0.1) | N59: =IF('주간 입력'!C834=4,55000+15900+50000,0) | O59: =(IF('주간 입력'!C841="",0,'주간 입력'!C841)+IF('주간 입력'!C842="",0,'주간 입력'!C842)+IF('주간 입력'!C843="",0,'주간 입력'!C843))*0.95 | P59: =IF('주간 입력'!C845="",0,'주간 입력'!C845)+IF('주간 입력'!C846="",0,'주간 입력'!C846*0.05)+IF('주간 입력'!C847="",0,'주간 입력'!C847) | Q59: =IF(E59="","",J59+K59+L59+M59+N59+O59+P59) | R59: =IF(E59="","",E59-Q59) | S59: =IF(E59="","",F59-I59-I59*0.1) | T59: ='주간 입력'!C848
A60: ='주간 입력'!C851 | B60: ='주간 입력'!C852 | C60: ='주간 입력'!C853 | D60: ='주간 입력'!C854 | E60: ='주간 입력'!C856 | F60: ='주간 입력'!C857 | G60: =IF(E60="","",E60+F60) | H60: =IF(E60="","",E60*0.15) | I60: =IF(E60="","",IF(F60="",0,F60*0.13)) | J60: =IF(E60="","",H60+I60) | K60: =IF(E60="","",J60*0.1) | L60: =IF('주간 입력'!C852=4,3000000,0) | M60: =IF(L60=0,0,L60*0.1) | N60: =IF('주간 입력'!C852=4,55000+15900+50000,0) | O60: =(IF('주간 입력'!C859="",0,'주간 입력'!C859)+IF('주간 입력'!C860="",0,'주간 입력'!C860)+IF('주간 입력'!C861="",0,'주간 입력'!C861))*0.95 | P60: =IF('주간 입력'!C863="",0,'주간 입력'!C863)+IF('주간 입력'!C864="",0,'주간 입력'!C864*0.05)+IF('주간 입력'!C865="",0,'주간 입력'!C865) | Q60: =IF(E60="","",J60+K60+L60+M60+N60+O60+P60) | R60: =IF(E60="","",E60-Q60) | S60: =IF(E60="","",F60-I60-I60*0.1) | T60: ='주간 입력'!C866
A61: ='주간 입력'!C869 | B61: ='주간 입력'!C870 | C61: ='주간 입력'!C871 | D61: ='주간 입력'!C872 | E61: ='주간 입력'!C874 | F61: ='주간 입력'!C875 | G61: =IF(E61="","",E61+F61) | H61: =IF(E61="","",E61*0.15) | I61: =IF(E61="","",IF(F61="",0,F61*0.13)) | J61: =IF(E61="","",H61+I61) | K61: =IF(E61="","",J61*0.1) | L61: =IF('주간 입력'!C870=4,3000000,0) | M61: =IF(L61=0,0,L61*0.1) | N61: =IF('주간 입력'!C870=4,55000+15900+50000,0) | O61: =(IF('주간 입력'!C877="",0,'주간 입력'!C877)+IF('주간 입력'!C878="",0,'주간 입력'!C878)+IF('주간 입력'!C879="",0,'주간 입력'!C879))*0.95 | P61: =IF('주간 입력'!C881="",0,'주간 입력'!C881)+IF('주간 입력'!C882="",0,'주간 입력'!C882*0.05)+IF('주간 입력'!C883="",0,'주간 입력'!C883) | Q61: =IF(E61="","",J61+K61+L61+M61+N61+O61+P61) | R61: =IF(E61="","",E61-Q61) | S61: =IF(E61="","",F61-I61-I61*0.1) | T61: ='주간 입력'!C884
A62: ='주간 입력'!C887 | B62: ='주간 입력'!C888 | C62: ='주간 입력'!C889 | D62: ='주간 입력'!C890 | E62: ='주간 입력'!C892 | F62: ='주간 입력'!C893 | G62: =IF(E62="","",E62+F62) | H62: =IF(E62="","",E62*0.15) | I62: =IF(E62="","",IF(F62="",0,F62*0.13)) | J62: =IF(E62="","",H62+I62) | K62: =IF(E62="","",J62*0.1) | L62: =IF('주간 입력'!C888=4,3000000,0) | M62: =IF(L62=0,0,L62*0.1) | N62: =IF('주간 입력'!C888=4,55000+15900+50000,0) | O62: =(IF('주간 입력'!C895="",0,'주간 입력'!C895)+IF('주간 입력'!C896="",0,'주간 입력'!C896)+IF('주간 입력'!C897="",0,'주간 입력'!C897))*0.95 | P62: =IF('주간 입력'!C899="",0,'주간 입력'!C899)+IF('주간 입력'!C900="",0,'주간 입력'!C900*0.05)+IF('주간 입력'!C901="",0,'주간 입력'!C901) | Q62: =IF(E62="","",J62+K62+L62+M62+N62+O62+P62) | R62: =IF(E62="","",E62-Q62) | S62: =IF(E62="","",F62-I62-I62*0.1) | T62: ='주간 입력'!C902
A63: 10월 | B63: 소계 | E63: =SUM(E58:E62) | F63: =SUM(F58:F62) | G63: =SUM(G58:G62) | H63: =SUM(H58:H62) | I63: =SUM(I58:I62) | J63: =SUM(J58:J62) | K63: =SUM(K58:K62) | L63: =SUM(L58:L62) | ... S63: =SUM(S58:S62)
A64: ='주간 입력'!C905 | B64: ='주간 입력'!C906 | C64: ='주간 입력'!C907 | D64: ='주간 입력'!C908 | E64: ='주간 입력'!C910 | F64: ='주간 입력'!C911 | G64: =IF(E64="","",E64+F64) | H64: =IF(E64="","",E64*0.15) | I64: =IF(E64="","",IF(F64="",0,F64*0.13)) | J64: =IF(E64="","",H64+I64) | K64: =IF(E64="","",J64*0.1) | L64: =IF('주간 입력'!C906=4,3000000,0) | M64: =IF(L64=0,0,L64*0.1) | N64: =IF('주간 입력'!C906=4,55000+15900+50000,0) | O64: =(IF('주간 입력'!C913="",0,'주간 입력'!C913)+IF('주간 입력'!C914="",0,'주간 입력'!C914)+IF('주간 입력'!C915="",0,'주간 입력'!C915))*0.95 | P64: =IF('주간 입력'!C917="",0,'주간 입력'!C917)+IF('주간 입력'!C918="",0,'주간 입력'!C918*0.05)+IF('주간 입력'!C919="",0,'주간 입력'!C919) | Q64: =IF(E64="","",J64+K64+L64+M64+N64+O64+P64) | R64: =IF(E64="","",E64-Q64) | S64: =IF(E64="","",F64-I64-I64*0.1) | T64: ='주간 입력'!C920
A65: ='주간 입력'!C923 | B65: ='주간 입력'!C924 | C65: ='주간 입력'!C925 | D65: ='주간 입력'!C926 | E65: ='주간 입력'!C928 | F65: ='주간 입력'!C929 | G65: =IF(E65="","",E65+F65) | H65: =IF(E65="","",E65*0.15) | I65: =IF(E65="","",IF(F65="",0,F65*0.13)) | J65: =IF(E65="","",H65+I65) | K65: =IF(E65="","",J65*0.1) | L65: =IF('주간 입력'!C924=4,3000000,0) | M65: =IF(L65=0,0,L65*0.1) | N65: =IF('주간 입력'!C924=4,55000+15900+50000,0) | O65: =(IF('주간 입력'!C931="",0,'주간 입력'!C931)+IF('주간 입력'!C932="",0,'주간 입력'!C932)+IF('주간 입력'!C933="",0,'주간 입력'!C933))*0.95 | P65: =IF('주간 입력'!C935="",0,'주간 입력'!C935)+IF('주간 입력'!C936="",0,'주간 입력'!C936*0.05)+IF('주간 입력'!C937="",0,'주간 입력'!C937) | Q65: =IF(E65="","",J65+K65+L65+M65+N65+O65+P65) | R65: =IF(E65="","",E65-Q65) | S65: =IF(E65="","",F65-I65-I65*0.1) | T65: ='주간 입력'!C938
A66: ='주간 입력'!C941 | B66: ='주간 입력'!C942 | C66: ='주간 입력'!C943 | D66: ='주간 입력'!C944 | E66: ='주간 입력'!C946 | F66: ='주간 입력'!C947 | G66: =IF(E66="","",E66+F66) | H66: =IF(E66="","",E66*0.15) | I66: =IF(E66="","",IF(F66="",0,F66*0.13)) | J66: =IF(E66="","",H66+I66) | K66: =IF(E66="","",J66*0.1) | L66: =IF('주간 입력'!C942=4,3000000,0) | M66: =IF(L66=0,0,L66*0.1) | N66: =IF('주간 입력'!C942=4,55000+15900+50000,0) | O66: =(IF('주간 입력'!C949="",0,'주간 입력'!C949)+IF('주간 입력'!C950="",0,'주간 입력'!C950)+IF('주간 입력'!C951="",0,'주간 입력'!C951))*0.95 | P66: =IF('주간 입력'!C953="",0,'주간 입력'!C953)+IF('주간 입력'!C954="",0,'주간 입력'!C954*0.05)+IF('주간 입력'!C955="",0,'주간 입력'!C955) | Q66: =IF(E66="","",J66+K66+L66+M66+N66+O66+P66) | R66: =IF(E66="","",E66-Q66) | S66: =IF(E66="","",F66-I66-I66*0.1) | T66: ='주간 입력'!C956
A67: ='주간 입력'!C959 | B67: ='주간 입력'!C960 | C67: ='주간 입력'!C961 | D67: ='주간 입력'!C962 | E67: ='주간 입력'!C964 | F67: ='주간 입력'!C965 | G67: =IF(E67="","",E67+F67) | H67: =IF(E67="","",E67*0.15) | I67: =IF(E67="","",IF(F67="",0,F67*0.13)) | J67: =IF(E67="","",H67+I67) | K67: =IF(E67="","",J67*0.1) | L67: =IF('주간 입력'!C960=4,3000000,0) | M67: =IF(L67=0,0,L67*0.1) | N67: =IF('주간 입력'!C960=4,55000+15900+50000,0) | O67: =(IF('주간 입력'!C967="",0,'주간 입력'!C967)+IF('주간 입력'!C968="",0,'주간 입력'!C968)+IF('주간 입력'!C969="",0,'주간 입력'!C969))*0.95 | P67: =IF('주간 입력'!C971="",0,'주간 입력'!C971)+IF('주간 입력'!C972="",0,'주간 입력'!C972*0.05)+IF('주간 입력'!C973="",0,'주간 입력'!C973) | Q67: =IF(E67="","",J67+K67+L67+M67+N67+O67+P67) | R67: =IF(E67="","",E67-Q67) | S67: =IF(E67="","",F67-I67-I67*0.1) | T67: ='주간 입력'!C974
A68: ='주간 입력'!C977 | B68: ='주간 입력'!C978 | C68: ='주간 입력'!C979 | D68: ='주간 입력'!C980 | E68: ='주간 입력'!C982 | F68: ='주간 입력'!C983 | G68: =IF(E68="","",E68+F68) | H68: =IF(E68="","",E68*0.15) | I68: =IF(E68="","",IF(F68="",0,F68*0.13)) | J68: =IF(E68="","",H68+I68) | K68: =IF(E68="","",J68*0.1) | L68: =IF('주간 입력'!C978=4,3000000,0) | M68: =IF(L68=0,0,L68*0.1) | N68: =IF('주간 입력'!C978=4,55000+15900+50000,0) | O68: =(IF('주간 입력'!C985="",0,'주간 입력'!C985)+IF('주간 입력'!C986="",0,'주간 입력'!C986)+IF('주간 입력'!C987="",0,'주간 입력'!C987))*0.95 | P68: =IF('주간 입력'!C989="",0,'주간 입력'!C989)+IF('주간 입력'!C990="",0,'주간 입력'!C990*0.05)+IF('주간 입력'!C991="",0,'주간 입력'!C991) | Q68: =IF(E68="","",J68+K68+L68+M68+N68+O68+P68) | R68: =IF(E68="","",E68-Q68) | S68: =IF(E68="","",F68-I68-I68*0.1) | T68: ='주간 입력'!C992
A69: 11월 | B69: 소계 | E69: =SUM(E64:E68) | F69: =SUM(F64:F68) | G69: =SUM(G64:G68) | H69: =SUM(H64:H68) | I69: =SUM(I64:I68) | J69: =SUM(J64:J68) | K69: =SUM(K64:K68) | L69: =SUM(L64:L68) | ... S69: =SUM(S64:S68)
A70: ='주간 입력'!C995 | B70: ='주간 입력'!C996 | C70: ='주간 입력'!C997 | D70: ='주간 입력'!C998 | E70: ='주간 입력'!C1000 | F70: ='주간 입력'!C1001 | G70: =IF(E70="","",E70+F70) | H70: =IF(E70="","",E70*0.15) | I70: =IF(E70="","",IF(F70="",0,F70*0.13)) | J70: =IF(E70="","",H70+I70) | K70: =IF(E70="","",J70*0.1) | L70: =IF('주간 입력'!C996=4,3000000,0) | M70: =IF(L70=0,0,L70*0.1) | N70: =IF('주간 입력'!C996=4,55000+15900+50000,0) | O70: =(IF('주간 입력'!C1003="",0,'주간 입력'!C1003)+IF('주간 입력'!C1004="",0,'주간 입력'!C1004)+IF('주간 입력'!C1005="",0,'주간 입력'!C1005))*0.95 | P70: =IF('주간 입력'!C1007="",0,'주간 입력'!C1007)+IF('주간 입력'!C1008="",0,'주간 입력'!C1008*0.05)+IF('주간 입력'!C1009="",0,'주간 입력'!C1009) | Q70: =IF(E70="","",J70+K70+L70+M70+N70+O70+P70) | R70: =IF(E70="","",E70-Q70) | S70: =IF(E70="","",F70-I70-I70*0.1) | T70: ='주간 입력'!C1010
A71: ='주간 입력'!C1013 | B71: ='주간 입력'!C1014 | C71: ='주간 입력'!C1015 | D71: ='주간 입력'!C1016 | E71: ='주간 입력'!C1018 | F71: ='주간 입력'!C1019 | G71: =IF(E71="","",E71+F71) | H71: =IF(E71="","",E71*0.15) | I71: =IF(E71="","",IF(F71="",0,F71*0.13)) | J71: =IF(E71="","",H71+I71) | K71: =IF(E71="","",J71*0.1) | L71: =IF('주간 입력'!C1014=4,3000000,0) | M71: =IF(L71=0,0,L71*0.1) | N71: =IF('주간 입력'!C1014=4,55000+15900+50000,0) | O71: =(IF('주간 입력'!C1021="",0,'주간 입력'!C1021)+IF('주간 입력'!C1022="",0,'주간 입력'!C1022)+IF('주간 입력'!C1023="",0,'주간 입력'!C1023))*0.95 | P71: =IF('주간 입력'!C1025="",0,'주간 입력'!C1025)+IF('주간 입력'!C1026="",0,'주간 입력'!C1026*0.05)+IF('주간 입력'!C1027="",0,'주간 입력'!C1027) | Q71: =IF(E71="","",J71+K71+L71+M71+N71+O71+P71) | R71: =IF(E71="","",E71-Q71) | S71: =IF(E71="","",F71-I71-I71*0.1) | T71: ='주간 입력'!C1028
A72: ='주간 입력'!C1031 | B72: ='주간 입력'!C1032 | C72: ='주간 입력'!C1033 | D72: ='주간 입력'!C1034 | E72: ='주간 입력'!C1036 | F72: ='주간 입력'!C1037 | G72: =IF(E72="","",E72+F72) | H72: =IF(E72="","",E72*0.15) | I72: =IF(E72="","",IF(F72="",0,F72*0.13)) | J72: =IF(E72="","",H72+I72) | K72: =IF(E72="","",J72*0.1) | L72: =IF('주간 입력'!C1032=4,3000000,0) | M72: =IF(L72=0,0,L72*0.1) | N72: =IF('주간 입력'!C1032=4,55000+15900+50000,0) | O72: =(IF('주간 입력'!C1039="",0,'주간 입력'!C1039)+IF('주간 입력'!C1040="",0,'주간 입력'!C1040)+IF('주간 입력'!C1041="",0,'주간 입력'!C1041))*0.95 | P72: =IF('주간 입력'!C1043="",0,'주간 입력'!C1043)+IF('주간 입력'!C1044="",0,'주간 입력'!C1044*0.05)+IF('주간 입력'!C1045="",0,'주간 입력'!C1045) | Q72: =IF(E72="","",J72+K72+L72+M72+N72+O72+P72) | R72: =IF(E72="","",E72-Q72) | S72: =IF(E72="","",F72-I72-I72*0.1) | T72: ='주간 입력'!C1046
A73: ='주간 입력'!C1049 | B73: ='주간 입력'!C1050 | C73: ='주간 입력'!C1051 | D73: ='주간 입력'!C1052 | E73: ='주간 입력'!C1054 | F73: ='주간 입력'!C1055 | G73: =IF(E73="","",E73+F73) | H73: =IF(E73="","",E73*0.15) | I73: =IF(E73="","",IF(F73="",0,F73*0.13)) | J73: =IF(E73="","",H73+I73) | K73: =IF(E73="","",J73*0.1) | L73: =IF('주간 입력'!C1050=4,3000000,0) | M73: =IF(L73=0,0,L73*0.1) | N73: =IF('주간 입력'!C1050=4,55000+15900+50000,0) | O73: =(IF('주간 입력'!C1057="",0,'주간 입력'!C1057)+IF('주간 입력'!C1058="",0,'주간 입력'!C1058)+IF('주간 입력'!C1059="",0,'주간 입력'!C1059))*0.95 | P73: =IF('주간 입력'!C1061="",0,'주간 입력'!C1061)+IF('주간 입력'!C1062="",0,'주간 입력'!C1062*0.05)+IF('주간 입력'!C1063="",0,'주간 입력'!C1063) | Q73: =IF(E73="","",J73+K73+L73+M73+N73+O73+P73) | R73: =IF(E73="","",E73-Q73) | S73: =IF(E73="","",F73-I73-I73*0.1) | T73: ='주간 입력'!C1064
A74: ='주간 입력'!C1067 | B74: ='주간 입력'!C1068 | C74: ='주간 입력'!C1069 | D74: ='주간 입력'!C1070 | E74: ='주간 입력'!C1072 | F74: ='주간 입력'!C1073 | G74: =IF(E74="","",E74+F74) | H74: =IF(E74="","",E74*0.15) | I74: =IF(E74="","",IF(F74="",0,F74*0.13)) | J74: =IF(E74="","",H74+I74) | K74: =IF(E74="","",J74*0.1) | L74: =IF('주간 입력'!C1068=4,3000000,0) | M74: =IF(L74=0,0,L74*0.1) | N74: =IF('주간 입력'!C1068=4,55000+15900+50000,0) | O74: =(IF('주간 입력'!C1075="",0,'주간 입력'!C1075)+IF('주간 입력'!C1076="",0,'주간 입력'!C1076)+IF('주간 입력'!C1077="",0,'주간 입력'!C1077))*0.95 | P74: =IF('주간 입력'!C1079="",0,'주간 입력'!C1079)+IF('주간 입력'!C1080="",0,'주간 입력'!C1080*0.05)+IF('주간 입력'!C1081="",0,'주간 입력'!C1081) | Q74: =IF(E74="","",J74+K74+L74+M74+N74+O74+P74) | R74: =IF(E74="","",E74-Q74) | S74: =IF(E74="","",F74-I74-I74*0.1) | T74: ='주간 입력'!C1082
A75: 12월 | B75: 소계 | E75: =SUM(E70:E74) | F75: =SUM(F70:F74) | G75: =SUM(G70:G74) | H75: =SUM(H70:H74) | I75: =SUM(I70:I74) | J75: =SUM(J70:J74) | K75: =SUM(K70:K74) | L75: =SUM(L70:L74) | ... S75: =SUM(S70:S74)
A76: 연간 | B76: 합계 | E76: =E9+E15+E21+E27+E33+E39+E45+E51+E57+E63+E69+E75 | F76: =F9+F15+F21+F27+F33+F39+F45+F51+F57+F63+F69+F75 | G76: =G9+G15+G21+G27+G33+G39+G45+G51+G57+G63+G69+G75 | H76: =H9+H15+H21+H27+H33+H39+H45+H51+H57+H63+H69+H75 | I76: =I9+I15+I21+I27+I33+I39+I45+I51+I57+I63+I69+I75 | J76: =J9+J15+J21+J27+J33+J39+J45+J51+J57+J63+J69+J75 | K76: =K9+K15+K21+K27+K33+K39+K45+K51+K57+K63+K69+K75 | L76: =L9+L15+L21+L27+L33+L39+L45+L51+L57+L63+L69+L75 | ... S76: =S9+S15+S21+S27+S33+S39+S45+S51+S57+S63+S69+S75

Sheet 미수금 관리
A1: 미식가의 주방 — 미수금 관리
A2: 기존 미수금 현황 + 상환 계획 (세금계산서 vs 은행거래 비교 기준)
A3: # | B3: 항목 | C3: 원금 | D3: 차감 누적 | E3: 잔액 | F3: 이자 | G3: 상태 | H3: 비고
A4: 1 | B4: 공과금 미수 | C4: 26480630 | E4: =C4-IF(D4="",0,D4) | G4: 미수 | H4: 2024.4~2025.12 누적
A5: 2 | B5: 임대료 미수 | C5: 6600000 | E5: =C5-IF(D5="",0,D5) | G5: 미수
A6: 3 | B6: 현금매출 수수료 미수 | C6: 2303154 | E6: =C6-IF(D6="",0,D6) | G6: 미수
A7: 4 | B7: 관리비 미수 | C7: 2123763 | E7: =C7-IF(D7="",0,D7) | G7: 미수
A8: 5 | B8: 정수기 임대료 미수 | C8: 333900 | E8: =C8-IF(D8="",0,D8) | G8: 미수
A9: 6 | B9: 이자 (연 10%) | C9: 2766151 | E9: =C9-IF(D9="",0,D9) | G9: 미수 | H9: 지연이자율 연 10%
B10: 합계 | C10: =SUM(C4:C9) | D10: =SUM(D4:D9) | E10: =SUM(E4:E9) | F10: =SUM(F4:F9)
A12: 📋 미수금 차감 계획 (주간 정산에서 분할 차감)
A13: # | B13: 회차 | C13: 예정일 | D13: 차감금액 | E13: 차감 후 잔액 | H13: 비고
A14: 1 | B14: 1회차 | C14: 2026-03-02 | D14: 6000000 | E14: =E10-D14
A15: 2 | B15: 2회차 | C15: 2026-03-09 | D15: 6000000 | E15: =E14-D15
A16: 3 | B16: 3회차 | C16: 2026-03-16 | D16: 6000000 | E16: =E15-D16
A17: 4 | B17: 4회차 | C17: 2026-03-23 | D17: 6000000 | E17: =E16-D17
A18: 5 | B18: 5회차 | C18: 2026-03-30 | D18: 6000000 | E18: =E17-D18
A19: 6 | B19: 6회차 | C19: 2026-04-06 | D19: 6000000 | E19: =E18-D19
A20: 7 | B20: 7회차 | C20: 2026-04-20 | D20: 4607598 | E20: =E19-D20
